{
    "param": {
        "name": {
            "value": "scout"
        }
    },
    "depend_buject": {
        "BujectI2C": {
            "param": {
                "buject": {
                    "value": "BujectI2C"
                },
                "max_fps":{
                    "value": 10
                }
            }
        },
        "BujectGPIO":{
            "param": {
                "buject": {
                    "value": "BujectGPIO"
                },
                "max_fps":{
                    "value": 10
                }
            }
        },
        "PCA9685":{
            "param": {
                "buject": {
                    "value": "PCA9685"
                },
                "pwm_freq": {
                    "value": 45,
                    "description": "при 45 на осцилографе реально показывает 50"
                }
            }
        },
        "move_motor": {
            "param": {
                "buject": {
                    "value": "PCA9685Motor"
                },
                "PCA9685_channel": {
                    "value": 5
                },
                "gpio_forward": {
                    "value": 13
                },
                "gpio_backward": {
                    "value": 6
                },
                "max_pwm_us": {
                    "value": 17000
                },
                "min_pwm_us": {
                    "value": 4000
                },
                "def_pwm_us": {
                    "value": 0
                },
                "debug": {
                    "value": 0
                },
                "max_fps": {
                    "value": 4
                }
            }
        },
        "rotation_motor": {
            "param": {
                "buject": {
                    "value": "PCA9685Servo"
                },
                "PCA9685_channel": {
                    "value": 8
                },
                "max_pwm_us": {
                    "value": 1900
                },
                "min_pwm_us": {
                    "value": 900
                },
                "def_pwm_us": {
                    "value": 1400
                },
                "debug": {
                    "value": 0
                },
                "max_fps": {
                    "value": 4
                }
            }
        },
        "cameraZ": {
            "param": {
                "buject": {
                    "value": "PCA9685Servo"
                },
                "PCA9685_channel": {
                    "value": 0
                },
                "max_pwm_us": {
                    "value": 2700
                },
                "min_pwm_us": {
                    "value": 700
                },
                "def_pwm_us": {
                    "value": 1750
                },
                "debug": {
                    "value": 0
                },
                "max_fps": {
                    "value": 4
                }
            }
        },
        "cameraX": {
            "param": {
                "buject": {
                    "value": "PCA9685Servo"
                },
                "PCA9685_channel": {
                    "value": 1
                },
                "max_pwm_us": {
                    "value": 1700
                },
                "min_pwm_us": {
                    "value": 600
                },
                "def_pwm_us": {
                    "value": 900
                },
                "debug": {
                    "value": 0
                },
                "max_fps": {
                    "value": 4
                }
            }
        },
        "SoundMpg321": {
            "param": {
                "buject": {
                    "value": "SoundMpg321"
                },
                "debug": {
                    "value": 1
                }
            }
        },
        "Scout": {
            "param": {
                "buject": {
                    "value": "Scout"
                },
                "debug": {
                    "value": 0
                }
            }
        }
    },
    "ui": {
        "scout": {}
    }
}