{
    "incoming_request": {
        "console": {
            "time": {},
            "message": {}
        }
    },
    "outgoing_request": {
        "set_move_motor_power": {
            "name": "set_power",
            "buject": "move_motor",
            "description": "команда на установку мощности основного мотора",
            "param": {
                "value": {
                    "description": "мощность мотора в процентах, вперед > 0, назад < 0",
                    "type": "int"
                }
            }
        },
        "set_rotate_motor_power": {
            "name": "set_power",
            "buject": "rotate_motor",
            "description": "команда на установку мощности рулевого мотора",
            "param": {
                "value": {
                    "description": "мощность мотора в процентах, вправо > 0, влево < 0",
                    "type": "int"
                }
            }
        }
    }
}